-- -----------------------------------------------------
-- Data for table SCF_SIF_OBJECT
-- -----------------------------------------------------
INSERT INTO SCF_SIF_OBJECT (SIF_OBJECT_ID, SIF_OBJECT_NAME, KEY_SEPARATOR, DEFAULT_EXPIRY_IN_MINUTES, DEFAULT_EXPIRY_STRATEGY) VALUES (1, 'StudentPersonal', NULL, 120, 'EXPIRE');
INSERT INTO SCF_SIF_OBJECT (SIF_OBJECT_ID, SIF_OBJECT_NAME, KEY_SEPARATOR, DEFAULT_EXPIRY_IN_MINUTES, DEFAULT_EXPIRY_STRATEGY) VALUES (2, 'SchoolInfo', NULL, 120, 'EXPIRE');
INSERT INTO SCF_SIF_OBJECT (SIF_OBJECT_ID, SIF_OBJECT_NAME, KEY_SEPARATOR, DEFAULT_EXPIRY_IN_MINUTES, DEFAULT_EXPIRY_STRATEGY) VALUES (3, 'StaffPersonal', NULL, 120, 'EXPIRE');
INSERT INTO SCF_SIF_OBJECT (SIF_OBJECT_ID, SIF_OBJECT_NAME, KEY_SEPARATOR, DEFAULT_EXPIRY_IN_MINUTES, DEFAULT_EXPIRY_STRATEGY) VALUES (4, 'StudentContactPersonal', NULL, 120, 'EXPIRE');
INSERT INTO SCF_SIF_OBJECT (SIF_OBJECT_ID, SIF_OBJECT_NAME, KEY_SEPARATOR, DEFAULT_EXPIRY_IN_MINUTES, DEFAULT_EXPIRY_STRATEGY) VALUES (5, 'StudentSchoolEnrollment', NULL, 120, 'EXPIRE');
INSERT INTO SCF_SIF_OBJECT (SIF_OBJECT_ID, SIF_OBJECT_NAME, KEY_SEPARATOR, DEFAULT_EXPIRY_IN_MINUTES, DEFAULT_EXPIRY_STRATEGY) VALUES (6, 'StaffAssignment', NULL, 120, 'EXPIRE');
INSERT INTO SCF_SIF_OBJECT (SIF_OBJECT_ID, SIF_OBJECT_NAME, KEY_SEPARATOR, DEFAULT_EXPIRY_IN_MINUTES, DEFAULT_EXPIRY_STRATEGY) VALUES (7, 'TeachingGroup', NULL, 120, 'EXPIRE');
INSERT INTO SCF_SIF_OBJECT (SIF_OBJECT_ID, SIF_OBJECT_NAME, KEY_SEPARATOR, DEFAULT_EXPIRY_IN_MINUTES, DEFAULT_EXPIRY_STRATEGY) VALUES (8, 'StudentContactRelationship', '|', 120, 'EXPIRE');

-- -----------------------------------------------------
-- Data for table SCF_SIF_OBJECT_KEY
-- -----------------------------------------------------
INSERT INTO SCF_SIF_OBJECT_KEY (SIF_OBJECT_KEY_ID, XPATH_TO_KEY, SORT_ORDER) VALUES (1, '@RefId', 1);
INSERT INTO SCF_SIF_OBJECT_KEY (SIF_OBJECT_KEY_ID, XPATH_TO_KEY, SORT_ORDER) VALUES (2, '@RefId', 1);
INSERT INTO SCF_SIF_OBJECT_KEY (SIF_OBJECT_KEY_ID, XPATH_TO_KEY, SORT_ORDER) VALUES (3, '@RefId', 1);
INSERT INTO SCF_SIF_OBJECT_KEY (SIF_OBJECT_KEY_ID, XPATH_TO_KEY, SORT_ORDER) VALUES (4, '@RefId', 1);
INSERT INTO SCF_SIF_OBJECT_KEY (SIF_OBJECT_KEY_ID, XPATH_TO_KEY, SORT_ORDER) VALUES (5, '@RefId', 1);
INSERT INTO SCF_SIF_OBJECT_KEY (SIF_OBJECT_KEY_ID, XPATH_TO_KEY, SORT_ORDER) VALUES (6, '@RefId', 1);
INSERT INTO SCF_SIF_OBJECT_KEY (SIF_OBJECT_KEY_ID, XPATH_TO_KEY, SORT_ORDER) VALUES (7, '@RefId', 1);
INSERT INTO SCF_SIF_OBJECT_KEY (SIF_OBJECT_KEY_ID, XPATH_TO_KEY, SORT_ORDER) VALUES (8, '@StudentPersonalRefId', 1);
INSERT INTO SCF_SIF_OBJECT_KEY (SIF_OBJECT_KEY_ID, XPATH_TO_KEY, SORT_ORDER) VALUES (9, '@StudentContactPersonalRefId', 2);

-- -----------------------------------------------------
-- Data for table OBJECT_KEYS (join table for SCF_SIF_OBJECT and SCF_SIF_OBJECT_KEY)
-- -----------------------------------------------------
INSERT INTO OBJECT_KEYS (SIF_OBJECT_ID, SIF_OBJECT_KEY_ID, SORT_ORDER) VALUES (1, 1, 1);
INSERT INTO OBJECT_KEYS (SIF_OBJECT_ID, SIF_OBJECT_KEY_ID, SORT_ORDER) VALUES (2, 2, 1);
INSERT INTO OBJECT_KEYS (SIF_OBJECT_ID, SIF_OBJECT_KEY_ID, SORT_ORDER) VALUES (3, 3, 1);
INSERT INTO OBJECT_KEYS (SIF_OBJECT_ID, SIF_OBJECT_KEY_ID, SORT_ORDER) VALUES (4, 4, 1);
INSERT INTO OBJECT_KEYS (SIF_OBJECT_ID, SIF_OBJECT_KEY_ID, SORT_ORDER) VALUES (5, 5, 1);
INSERT INTO OBJECT_KEYS (SIF_OBJECT_ID, SIF_OBJECT_KEY_ID, SORT_ORDER) VALUES (6, 6, 1);
INSERT INTO OBJECT_KEYS (SIF_OBJECT_ID, SIF_OBJECT_KEY_ID, SORT_ORDER) VALUES (7, 7, 1);
INSERT INTO OBJECT_KEYS (SIF_OBJECT_ID, SIF_OBJECT_KEY_ID, SORT_ORDER) VALUES (8, 8, 1);
INSERT INTO OBJECT_KEYS (SIF_OBJECT_ID, SIF_OBJECT_KEY_ID, SORT_ORDER) VALUES (8, 9, 2);

-- -----------------------------------------------------
-- Data for table SCF_ASSOCIATED_OBJECT
-- -----------------------------------------------------
INSERT INTO SCF_ASSOCIATED_OBJECT (ASSOCIATED_OBJECT_ID, SIF_OBJECT_NAME, HAS_MULTIPLE, XPATH_TO_LIST) VALUES (1, 'StudentSchoolEnrollment', 0, NULL);
INSERT INTO SCF_ASSOCIATED_OBJECT (ASSOCIATED_OBJECT_ID, SIF_OBJECT_NAME, HAS_MULTIPLE, XPATH_TO_LIST) VALUES (2, 'StudentSchoolEnrollment', 0, NULL);
INSERT INTO SCF_ASSOCIATED_OBJECT (ASSOCIATED_OBJECT_ID, SIF_OBJECT_NAME, HAS_MULTIPLE, XPATH_TO_LIST) VALUES (3, 'StaffAssignment', 0, NULL);
INSERT INTO SCF_ASSOCIATED_OBJECT (ASSOCIATED_OBJECT_ID, SIF_OBJECT_NAME, HAS_MULTIPLE, XPATH_TO_LIST) VALUES (4, 'StaffAssignment', 0, NULL);
INSERT INTO SCF_ASSOCIATED_OBJECT (ASSOCIATED_OBJECT_ID, SIF_OBJECT_NAME, HAS_MULTIPLE, XPATH_TO_LIST) VALUES (5, 'StudentContactRelationship', 0, NULL);
INSERT INTO SCF_ASSOCIATED_OBJECT (ASSOCIATED_OBJECT_ID, SIF_OBJECT_NAME, HAS_MULTIPLE, XPATH_TO_LIST) VALUES (6, 'StudentContactRelationship', 0, NULL);
INSERT INTO SCF_ASSOCIATED_OBJECT (ASSOCIATED_OBJECT_ID, SIF_OBJECT_NAME, HAS_MULTIPLE, XPATH_TO_LIST) VALUES (7, 'TeachingGroup', 0, NULL);
INSERT INTO SCF_ASSOCIATED_OBJECT (ASSOCIATED_OBJECT_ID, SIF_OBJECT_NAME, HAS_MULTIPLE, XPATH_TO_LIST) VALUES (8, 'TeachingGroup', 1, 'StudentList/TeachingGroupStudent');
INSERT INTO SCF_ASSOCIATED_OBJECT (ASSOCIATED_OBJECT_ID, SIF_OBJECT_NAME, HAS_MULTIPLE, XPATH_TO_LIST) VALUES (9, 'TeachingGroup', 1, 'TeacherList/TeachingGroupTeacher');

-- -----------------------------------------------------
-- Data for table ASSOCIATED_OBJECTS (join table for SCF_SIF_OBJECT and SCF_ASSOCIATED_OBJECT)
-- -----------------------------------------------------
INSERT INTO ASSOCIATED_OBJECTS (SIF_OBJECT_ID, ASSOCIATED_OBJECT_ID) VALUES (1, 1);
INSERT INTO ASSOCIATED_OBJECTS (SIF_OBJECT_ID, ASSOCIATED_OBJECT_ID) VALUES (2, 2);
INSERT INTO ASSOCIATED_OBJECTS (SIF_OBJECT_ID, ASSOCIATED_OBJECT_ID) VALUES (3, 3);
INSERT INTO ASSOCIATED_OBJECTS (SIF_OBJECT_ID, ASSOCIATED_OBJECT_ID) VALUES (2, 4);
INSERT INTO ASSOCIATED_OBJECTS (SIF_OBJECT_ID, ASSOCIATED_OBJECT_ID) VALUES (1, 5);
INSERT INTO ASSOCIATED_OBJECTS (SIF_OBJECT_ID, ASSOCIATED_OBJECT_ID) VALUES (4, 6);
INSERT INTO ASSOCIATED_OBJECTS (SIF_OBJECT_ID, ASSOCIATED_OBJECT_ID) VALUES (2, 7);
INSERT INTO ASSOCIATED_OBJECTS (SIF_OBJECT_ID, ASSOCIATED_OBJECT_ID) VALUES (1, 8);
INSERT INTO ASSOCIATED_OBJECTS (SIF_OBJECT_ID, ASSOCIATED_OBJECT_ID) VALUES (3, 9);

-- -----------------------------------------------------
-- Data for table SCF_ASSOCIATED_OBJECT_KEY
-- -----------------------------------------------------
INSERT INTO SCF_ASSOCIATED_OBJECT_KEY (ASSOCIATED_OBJECT_KEY_ID, XPATH_TO_KEY, SORT_ORDER) VALUES (1, 'StudentPersonalRefId', 1);
INSERT INTO SCF_ASSOCIATED_OBJECT_KEY (ASSOCIATED_OBJECT_KEY_ID, XPATH_TO_KEY, SORT_ORDER) VALUES (2, 'SchoolInfoRefId', 1);
INSERT INTO SCF_ASSOCIATED_OBJECT_KEY (ASSOCIATED_OBJECT_KEY_ID, XPATH_TO_KEY, SORT_ORDER) VALUES (3, 'StaffPersonalRefId', 1);
INSERT INTO SCF_ASSOCIATED_OBJECT_KEY (ASSOCIATED_OBJECT_KEY_ID, XPATH_TO_KEY, SORT_ORDER) VALUES (4, 'SchoolInfoRefId', 1);
INSERT INTO SCF_ASSOCIATED_OBJECT_KEY (ASSOCIATED_OBJECT_KEY_ID, XPATH_TO_KEY, SORT_ORDER) VALUES (5, '@StudentPersonalRefId', 1);
INSERT INTO SCF_ASSOCIATED_OBJECT_KEY (ASSOCIATED_OBJECT_KEY_ID, XPATH_TO_KEY, SORT_ORDER) VALUES (6, '@StudentContactPersonalRefId', 1);
INSERT INTO SCF_ASSOCIATED_OBJECT_KEY (ASSOCIATED_OBJECT_KEY_ID, XPATH_TO_KEY, SORT_ORDER) VALUES (7, 'SchoolInfoRefID', 1);
INSERT INTO SCF_ASSOCIATED_OBJECT_KEY (ASSOCIATED_OBJECT_KEY_ID, XPATH_TO_KEY, SORT_ORDER) VALUES (8, 'StudentPersonalRefId', 1);
INSERT INTO SCF_ASSOCIATED_OBJECT_KEY (ASSOCIATED_OBJECT_KEY_ID, XPATH_TO_KEY, SORT_ORDER) VALUES (9, 'StaffPersonalRefId', 1);

-- -----------------------------------------------------
-- Data for table ASSOCIATED_KEYS (join table for SCF_ASSOCIATED_OBJECT and SCF_ASSOCIATED_OBJECT_KEY)
-- -----------------------------------------------------
INSERT INTO ASSOCIATED_KEYS (ASSOCIATED_OBJECT_ID, ASSOCIATED_OBJECT_KEY_ID, SORT_ORDER) VALUES (1, 1, 1);
INSERT INTO ASSOCIATED_KEYS (ASSOCIATED_OBJECT_ID, ASSOCIATED_OBJECT_KEY_ID, SORT_ORDER) VALUES (2, 2, 1);
INSERT INTO ASSOCIATED_KEYS (ASSOCIATED_OBJECT_ID, ASSOCIATED_OBJECT_KEY_ID, SORT_ORDER) VALUES (3, 3, 1);
INSERT INTO ASSOCIATED_KEYS (ASSOCIATED_OBJECT_ID, ASSOCIATED_OBJECT_KEY_ID, SORT_ORDER) VALUES (4, 4, 1);
INSERT INTO ASSOCIATED_KEYS (ASSOCIATED_OBJECT_ID, ASSOCIATED_OBJECT_KEY_ID, SORT_ORDER) VALUES (5, 5, 1);
INSERT INTO ASSOCIATED_KEYS (ASSOCIATED_OBJECT_ID, ASSOCIATED_OBJECT_KEY_ID, SORT_ORDER) VALUES (6, 6, 1);
INSERT INTO ASSOCIATED_KEYS (ASSOCIATED_OBJECT_ID, ASSOCIATED_OBJECT_KEY_ID, SORT_ORDER) VALUES (7, 7, 1);
INSERT INTO ASSOCIATED_KEYS (ASSOCIATED_OBJECT_ID, ASSOCIATED_OBJECT_KEY_ID, SORT_ORDER) VALUES (8, 8, 1);
INSERT INTO ASSOCIATED_KEYS (ASSOCIATED_OBJECT_ID, ASSOCIATED_OBJECT_KEY_ID, SORT_ORDER) VALUES (9, 9, 1);
